,Time,Currency,Headline,Actual,Forecast,Previous,DayOfWeek,YYYYMMDD,identifier
16797,22:00:00,AUD,Judo Bank Australia Manufacturing PMI,47.6,47.8,47.7,Monday,20240101,AUD16797
16799,5:30:00,AUD,Commodity Prices (YoY),-0.107,,-0.128,Tuesday,20240102,AUD16799
16802,22:00:00,AUD,Judo Bank Australia Services PMI,47.1,47.6,46,Wednesday,20240103,AUD16802
16804,20:30:00,AUD,CFTC AUD speculative net positions,-42.9K,,-51.3K,Friday,20240105,AUD16804
16806,0:30:00,AUD,Building Approvals (YoY) (Nov),-0.046,,-0.055,Tuesday,20240109,AUD16806
16807,0:30:00,AUD,Building Approvals (MoM) (Nov),0.016,-0.02,0.072,Tuesday,20240109,AUD16807
16808,0:30:00,AUD,Private House Approvals (Nov),-0.017,,0.029,Tuesday,20240109,AUD16808
16809,0:30:00,AUD,Retail Sales (MoM) (Nov),0.02,0.012,-0.004,Tuesday,20240109,AUD16809
16811,0:30:00,AUD,Monthly CPI Indicator (YoY) (Nov),0.043,0.044,0.049,Wednesday,20240110,AUD16811
16813,0:30:00,AUD,Exports (MoM) (Nov),0.017,,0.008,Thursday,20240111,AUD16813
16814,0:30:00,AUD,Imports (MoM) (Nov),-0.079,,-0.029,Thursday,20240111,AUD16814
16815,0:30:00,AUD,Trade Balance (Nov),11.437B,7.500B,7.660B,Thursday,20240111,AUD16815
16817,0:30:00,AUD,Home Loans (MoM),0.005,0,0.056,Friday,20240112,AUD16817
16818,0:30:00,AUD,Invest Housing Finance (MoM),0.019,,0.083,Friday,20240112,AUD16818
16819,2:00:00,AUD,Thomson Reuters IPSOS PCSI (MoM) (Jan),50.16,,47.39,Friday,20240112,AUD16819
16821,20:30:00,AUD,CFTC AUD speculative net positions,-32.3K,,-42.9K,Friday,20240112,AUD16821
16823,0:30:00,AUD,ANZ Job Advertisements (MoM),0.001,,-0.051,Monday,20240115,AUD16823
16824,0:30:00,AUD,MI Inflation Gauge (MoM),0.01,,0.003,Monday,20240115,AUD16824
16826,23:30:00,AUD,Westpac Consumer Sentiment (Jan),-0.013,,0.027,Monday,20240115,AUD16826
16827,0:30:00,AUD,Building Approvals (YoY),-0.046,-0.046,-0.055,Tuesday,20240116,AUD16827
16828,0:30:00,AUD,Building Approvals (MoM),0.016,0.016,0.072,Tuesday,20240116,AUD16828
16829,0:30:00,AUD,Private House Approvals,-0.017,-0.017,0.029,Tuesday,20240116,AUD16829
16831,0:00:00,AUD,MI Inflation Expectations,0.045,,0.045,Thursday,20240118,AUD16831
16832,0:30:00,AUD,Employment Change (Dec),-65.1K,17.6K,72.6K,Thursday,20240118,AUD16832
16833,0:30:00,AUD,Full Employment Change (Dec),-106.6K,,57.0K,Thursday,20240118,AUD16833
16834,0:30:00,AUD,Participation Rate (Dec),0.668,0.671,0.673,Thursday,20240118,AUD16834
16835,0:30:00,AUD,Reserve Assets Total (Dec),89.4B,,91.9B,Thursday,20240118,AUD16835
16836,0:30:00,AUD,Unemployment Rate (Dec),0.039,0.039,0.039,Thursday,20240118,AUD16836
16838,20:30:00,AUD,CFTC AUD speculative net positions,-47.9K,,-32.3K,Friday,20240119,AUD16838
16840,0:30:00,AUD,NAB Business Confidence (Dec),-1,,-8,Tuesday,20240123,AUD16840
16841,0:30:00,AUD,NAB Business Survey (Dec),7,,9,Tuesday,20240123,AUD16841
16843,22:00:00,AUD,Judo Bank Australia Manufacturing PMI,50.3,,47.6,Tuesday,20240123,AUD16843
16844,22:00:00,AUD,Judo Bank Australia Services PMI,47.9,,47.1,Tuesday,20240123,AUD16844
16845,23:30:00,AUD,MI Leading Index (MoM),0,,0.001,Tuesday,20240123,AUD16845
16850,20:30:00,AUD,CFTC AUD speculative net positions,-54.1K,,-47.9K,Friday,20240126,AUD16850
16852,0:30:00,AUD,Retail Sales (MoM) (Dec),-0.027,-0.01,0.016,Tuesday,20240130,AUD16852
16854,0:30:00,AUD,CPI (YoY) (Q4),0.041,0.043,0.054,Wednesday,20240131,AUD16854
16855,0:30:00,AUD,CPI (QoQ) (Q4),0.006,0.008,0.012,Wednesday,20240131,AUD16855
16856,0:30:00,AUD,CPI Index Number (Q4),136.1,,135.3,Wednesday,20240131,AUD16856
16857,0:30:00,AUD,Housing Credit (Dec),0.004,,0.004,Wednesday,20240131,AUD16857
16858,0:30:00,AUD,Private Sector Credit (MoM) (Dec),0.004,0.004,0.004,Wednesday,20240131,AUD16858
16859,0:30:00,AUD,Trimmed Mean CPI (QoQ) (Q4),0.008,0.009,0.012,Wednesday,20240131,AUD16859
16860,0:30:00,AUD,Trimmed Mean CPI (YoY) (Q4),0.042,0.043,0.052,Wednesday,20240131,AUD16860
16861,0:30:00,AUD,Monthly CPI Indicator (YoY) (Dec),0.034,0.037,0.043,Wednesday,20240131,AUD16861
16862,0:30:00,AUD,Weighted mean CPI (QoQ) (Q4),0.009,0.01,0.013,Wednesday,20240131,AUD16862
16863,0:30:00,AUD,Weighted mean CPI (YoY) (Q4),0.044,0.045,0.052,Wednesday,20240131,AUD16863
16865,22:00:00,AUD,Judo Bank Australia Manufacturing PMI,50.1,50.3,47.6,Wednesday,20240131,AUD16865
16866,0:30:00,AUD,Building Approvals (YoY) (Dec),-0.02,,-0.012,Thursday,20240201,AUD16866
16867,0:30:00,AUD,Building Approvals (MoM) (Dec),-0.095,0.005,0.003,Thursday,20240201,AUD16867
16868,0:30:00,AUD,Export Price Index (QoQ) (Q4),0.056,,-0.031,Thursday,20240201,AUD16868
16869,0:30:00,AUD,Import Price Index (QoQ) (Q4),0.011,0.006,0.008,Thursday,20240201,AUD16869
16870,0:30:00,AUD,NAB Quarterly Business Confidence,-6,,-1,Thursday,20240201,AUD16870
16871,0:30:00,AUD,Private House Approvals (Dec),-0.005,,-0.017,Thursday,20240201,AUD16871
16873,5:30:00,AUD,Commodity Prices (YoY) (Jan),-0.104,,-0.112,Thursday,20240201,AUD16873
16874,0:30:00,AUD,Home Loans (MoM),-0.056,,0.003,Friday,20240202,AUD16874
16875,0:30:00,AUD,Invest Housing Finance (MoM),-0.013,,0.019,Friday,20240202,AUD16875
16876,0:30:00,AUD,PPI (QoQ) (Q4),0.009,0.019,0.018,Friday,20240202,AUD16876
16877,0:30:00,AUD,PPI (YoY) (Q4),0.041,,0.038,Friday,20240202,AUD16877
16879,20:30:00,AUD,CFTC AUD speculative net positions,-58.3K,,-54.1K,Friday,20240202,AUD16879
16881,22:00:00,AUD,Judo Bank Australia Services PMI,49.1,47.9,47.1,Sunday,20240204,AUD16881
16882,0:00:00,AUD,MI Inflation Gauge (MoM) (Jan),0.003,,0.01,Monday,20240205,AUD16882
16883,0:30:00,AUD,ANZ Job Advertisements (MoM) (Jan),0.017,,0.006,Monday,20240205,AUD16883
16884,0:30:00,AUD,Exports (MoM) (Dec),0.018,,0.017,Monday,20240205,AUD16884
16885,0:30:00,AUD,Imports (MoM) (Dec),0.048,,-0.084,Monday,20240205,AUD16885
16886,0:30:00,AUD,Trade Balance (Dec),10.959B,10.510B,11.764B,Monday,20240205,AUD16886
16888,0:30:00,AUD,Retail Sales (MoM) (Dec),-0.027,0.001,0.016,Tuesday,20240206,AUD16888
16889,0:30:00,AUD,Retail Sales (QoQ) (Q4),0.003,,-0.001,Tuesday,20240206,AUD16889
16890,3:30:00,AUD,RBA Interest Rate Decision (Feb),0.0435,0.0435,0.0435,Tuesday,20240206,AUD16890
16894,22:00:00,AUD,AIG Construction Index (Dec),-11.5,,-22.2,Tuesday,20240206,AUD16894
16895,22:00:00,AUD,AIG Manufacturing Index (Dec),-23.8,,-25.3,Tuesday,20240206,AUD16895
16898,0:30:00,AUD,Building Approvals (MoM),-0.095,-0.095,0.003,Thursday,20240208,AUD16898
16899,0:30:00,AUD,Private House Approvals,-0.005,-0.005,-0.043,Thursday,20240208,AUD16899
16903,20:30:00,AUD,CFTC AUD speculative net positions,-71.8K,,-58.3K,Friday,20240209,AUD16903
16906,23:30:00,AUD,Westpac Consumer Sentiment (Feb),0.062,,-0.013,Monday,20240212,AUD16906
16907,0:30:00,AUD,NAB Business Confidence (Jan),1,,0,Tuesday,20240213,AUD16907
16908,0:30:00,AUD,NAB Business Survey (Jan),6,,8,Tuesday,20240213,AUD16908
16911,0:00:00,AUD,MI Inflation Expectations,0.045,,0.045,Thursday,20240215,AUD16911
16912,0:30:00,AUD,Employment Change (Jan),0.5K,26.4K,-62.7K,Thursday,20240215,AUD16912
16913,0:30:00,AUD,Full Employment Change (Jan),11.1K,,-109.5K,Thursday,20240215,AUD16913
16914,0:30:00,AUD,Participation Rate (Jan),0.668,0.669,0.668,Thursday,20240215,AUD16914
16915,0:30:00,AUD,Reserve Assets Total (Jan),92.3B,,89.4B,Thursday,20240215,AUD16915
16916,0:30:00,AUD,Unemployment Rate (Jan),0.041,0.04,0.039,Thursday,20240215,AUD16916
16918,2:00:00,AUD,Thomson Reuters IPSOS PCSI (MoM) (Feb),49.14,,50.16,Friday,20240216,AUD16918
16920,20:30:00,AUD,CFTC AUD speculative net positions,-79.0K,,-71.8K,Friday,20240216,AUD16920
16924,23:30:00,AUD,MI Leading Index (MoM),-0.001,,0,Tuesday,20240220,AUD16924
16925,0:00:00,AUD,MI Leading Index (MoM) (Jan),-0.001,,0,Wednesday,20240221,AUD16925
16926,0:30:00,AUD,Wage Price Index (QoQ) (Q4),0.009,0.009,0.013,Wednesday,20240221,AUD16926
16927,0:30:00,AUD,Wage Price Index (YoY) (Q4),0.042,0.041,0.041,Wednesday,20240221,AUD16927
16929,22:00:00,AUD,Judo Bank Australia Manufacturing PMI,47.7,,50.1,Wednesday,20240221,AUD16929
16930,22:00:00,AUD,Judo Bank Australia Services PMI,52.8,,49.1,Wednesday,20240221,AUD16930
16932,20:30:00,AUD,CFTC AUD speculative net positions,-81.9K,,-79.0K,Friday,20240223,AUD16932
16934,0:30:00,AUD,Construction Work Done (QoQ) (Q4),0.007,0.006,0.014,Wednesday,20240228,AUD16934
16935,0:30:00,AUD,Monthly CPI Indicator (YoY) (Jan),0.034,0.036,0.034,Wednesday,20240228,AUD16935
16937,0:30:00,AUD,Building Capital Expenditure (MoM) (Q4),0.015,,0.007,Thursday,20240229,AUD16937
16938,0:30:00,AUD,Housing Credit (Jan),0.004,,0.004,Thursday,20240229,AUD16938
16939,0:30:00,AUD,Plant/Machinery Capital Expenditure (QoQ) (Q4),-0.001,,0.006,Thursday,20240229,AUD16939
16940,0:30:00,AUD,Private New Capital Expenditure (QoQ) (Q4),0.008,0.004,0.003,Thursday,20240229,AUD16940
16941,0:30:00,AUD,Private Sector Credit (MoM) (Jan),0.004,0.004,0.004,Thursday,20240229,AUD16941
16942,0:30:00,AUD,Retail Sales (MoM) (Jan),0.011,0.016,-0.021,Thursday,20240229,AUD16942
16944,22:00:00,AUD,Judo Bank Australia Manufacturing PMI,47.8,47.7,50.1,Thursday,20240229,AUD16944
16946,5:30:00,AUD,Commodity Prices (YoY) (Feb),-0.11,,-0.104,Friday,20240301,AUD16946
16947,20:30:00,AUD,CFTC AUD speculative net positions,-79.2K,,-81.9K,Friday,20240301,AUD16947
16949,0:00:00,AUD,MI Inflation Gauge (MoM),-0.001,,0.003,Monday,20240304,AUD16949
16950,0:30:00,AUD,ANZ Job Advertisements (MoM),-0.028,,0.034,Monday,20240304,AUD16950
16951,0:30:00,AUD,Building Approvals (YoY) (Jan),0.1,-0.02,-0.017,Monday,20240304,AUD16951
16952,0:30:00,AUD,Building Approvals (MoM) (Jan),-0.01,0.038,-0.101,Monday,20240304,AUD16952
16953,0:30:00,AUD,Business inventories (MoM) (Q4),-0.017,0,0.012,Monday,20240304,AUD16953
16954,0:30:00,AUD,Company Gross Operating Profits (QoQ) (Q4),0.074,0.011,-0.016,Monday,20240304,AUD16954
16955,0:30:00,AUD,Company Profits Pre-Tax (QoQ) (Q4),0.047,,0.016,Monday,20240304,AUD16955
16956,0:30:00,AUD,Private House Approvals (Jan),-0.099,,-0.018,Monday,20240304,AUD16956
16958,22:00:00,AUD,Judo Bank Australia Services PMI,53.1,52.8,49.1,Monday,20240304,AUD16958
16959,0:30:00,AUD,Current Account (Q4),11.8B,4.9B,1.3B,Tuesday,20240305,AUD16959
16960,0:30:00,AUD,Net Exports Contribution (Q4),0.006,0.002,-0.006,Tuesday,20240305,AUD16960
16962,22:00:00,AUD,AIG Construction Index (Feb),-18.4,,-11.5,Tuesday,20240305,AUD16962
16963,22:00:00,AUD,AIG Manufacturing Index (Feb),-12.6,,-23.8,Tuesday,20240305,AUD16963
16964,0:30:00,AUD,GDP (QoQ) (Q4),0.002,0.002,0.003,Wednesday,20240306,AUD16964
16965,0:30:00,AUD,GDP (YoY) (Q4),0.015,0.014,0.021,Wednesday,20240306,AUD16965
16966,0:30:00,AUD,GDP Capital Expenditure (Q4),-0.002,,0.016,Wednesday,20240306,AUD16966
16967,0:30:00,AUD,GDP Chain Price Index (Q4),0.02,,0.005,Wednesday,20240306,AUD16967
16968,0:30:00,AUD,GDP Final Consumption (Q4),0.002,,0.003,Wednesday,20240306,AUD16968
16969,0:30:00,AUD,Retail Sales (MoM),0.011,0.011,-0.021,Wednesday,20240306,AUD16969
16971,0:30:00,AUD,Exports (MoM),0.016,,0.015,Thursday,20240307,AUD16971
16972,0:30:00,AUD,Home Loans (MoM),-0.046,,-0.055,Thursday,20240307,AUD16972
16973,0:30:00,AUD,Imports (MoM),0.013,,0.04,Thursday,20240307,AUD16973
16974,0:30:00,AUD,Invest Housing Finance (MoM),-0.026,,-0.013,Thursday,20240307,AUD16974
16975,0:30:00,AUD,Trade Balance,11.027B,11.420B,10.743B,Thursday,20240307,AUD16975
16977,20:30:00,AUD,CFTC AUD speculative net positions,-84.7K,,-79.2K,Friday,20240308,AUD16977
16979,0:30:00,AUD,Building Approvals (MoM),-0.01,-0.01,-0.101,Tuesday,20240312,AUD16979
16980,0:30:00,AUD,NAB Business Confidence (Feb),0,,1,Tuesday,20240312,AUD16980
16981,0:30:00,AUD,NAB Business Survey (Feb),10,,7,Tuesday,20240312,AUD16981
16982,0:30:00,AUD,Private House Approvals,-0.099,-0.099,-0.018,Tuesday,20240312,AUD16982
16984,2:00:00,AUD,Thomson Reuters IPSOS PCSI (MoM) (Mar),50.79,,49.14,Friday,20240315,AUD16984
16986,20:30:00,AUD,CFTC AUD speculative net positions,-90.8K,,-84.7K,Friday,20240315,AUD16986
16988,3:30:00,AUD,RBA Interest Rate Decision (Mar),0.0435,0.0435,0.0435,Tuesday,20240319,AUD16988
16993,22:00:00,AUD,Judo Bank Australia Manufacturing PMI,46.8,,47.8,Wednesday,20240320,AUD16993
16994,22:00:00,AUD,Judo Bank Australia Services PMI,53.5,,53.1,Wednesday,20240320,AUD16994
16995,0:30:00,AUD,Employment Change (Feb),116.5K,39.7K,15.3K,Thursday,20240321,AUD16995
16996,0:30:00,AUD,Full Employment Change (Feb),78.2K,,19.9K,Thursday,20240321,AUD16996
16997,0:30:00,AUD,Participation Rate (Feb),0.667,0.668,0.666,Thursday,20240321,AUD16997
16998,0:30:00,AUD,Reserve Assets Total (Feb),92.6B,,92.3B,Thursday,20240321,AUD16998
16999,0:30:00,AUD,Unemployment Rate (Feb),0.037,0.04,0.041,Thursday,20240321,AUD16999
17003,19:30:00,AUD,CFTC AUD speculative net positions,-107.5K,,-90.8K,Friday,20240322,AUD17003
17005,23:30:00,AUD,Westpac Consumer Sentiment (Mar),-0.018,,0.062,Monday,20240325,AUD17005
17007,23:30:00,AUD,MI Leading Index (MoM),0.001,,-0.001,Tuesday,20240326,AUD17007
17008,0:00:00,AUD,MI Leading Index (MoM) (Feb),0.001,,-0.001,Wednesday,20240327,AUD17008
17009,0:30:00,AUD,Monthly CPI Indicator (YoY) (Feb),0.034,0.035,0.034,Wednesday,20240327,AUD17009
17011,0:00:00,AUD,MI Inflation Expectations,0.043,,0.045,Thursday,20240328,AUD17011
17012,0:30:00,AUD,Housing Credit,0.004,,0.004,Thursday,20240328,AUD17012
17013,0:30:00,AUD,Private Sector Credit (MoM),0.005,0.004,0.005,Thursday,20240328,AUD17013
17014,0:30:00,AUD,Retail Sales (MoM) (Feb),0.003,0.004,0.011,Thursday,20240328,AUD17014
17017,19:30:00,AUD,CFTC AUD speculative net positions,-105.5K,,-107.5K,Friday,20240329,AUD17017
17020,22:00:00,AUD,Judo Bank Australia Manufacturing PMI,47.3,46.8,47.8,Monday,20240401,AUD17020
17022,0:00:00,AUD,MI Inflation Gauge (MoM),0.001,,-0.001,Tuesday,20240402,AUD17022
17023,0:30:00,AUD,ANZ Job Advertisements (MoM),-0.01,,-0.021,Tuesday,20240402,AUD17023
17026,6:30:00,AUD,Commodity Prices (YoY) (Mar),-0.153,,-0.153,Tuesday,20240402,AUD17026
17027,22:00:00,AUD,AIG Construction Index (Mar),-12.9,,-18.4,Tuesday,20240402,AUD17027
17028,22:00:00,AUD,AIG Manufacturing Index (Mar),-7,,-12.6,Tuesday,20240402,AUD17028
17030,22:00:00,AUD,Judo Bank Australia Services PMI,54.4,53.5,53.1,Wednesday,20240403,AUD17030
17032,0:30:00,AUD,Building Approvals (YoY) (Feb),0.052,,0.098,Thursday,20240404,AUD17032
17033,0:30:00,AUD,Building Approvals (MoM) (Feb),-0.019,0.03,-0.025,Thursday,20240404,AUD17033
17034,0:30:00,AUD,Private House Approvals (Feb),0.107,,-0.099,Thursday,20240404,AUD17034
17036,0:30:00,AUD,Exports (MoM),-0.022,,0.015,Friday,20240405,AUD17036
17037,0:30:00,AUD,Imports (MoM),0.048,,0.014,Friday,20240405,AUD17037
17038,0:30:00,AUD,Retail Sales (MoM),0.003,0.003,0.011,Friday,20240405,AUD17038
17039,0:30:00,AUD,Trade Balance,7.280B,10.500B,10.058B,Friday,20240405,AUD17039
17041,19:30:00,AUD,CFTC AUD speculative net positions,-102.7K,,-105.5K,Friday,20240405,AUD17041
17043,1:30:00,AUD,Home Loans (MoM),0.016,0.023,-0.009,Monday,20240408,AUD17043
17044,1:30:00,AUD,Invest Housing Finance (MoM),0.012,,-0.008,Monday,20240408,AUD17044
17046,0:30:00,AUD,Westpac Consumer Sentiment (Apr),-0.024,,-0.018,Tuesday,20240409,AUD17046
17047,1:30:00,AUD,NAB Business Confidence (Mar),1,,0,Tuesday,20240409,AUD17047
17048,1:30:00,AUD,NAB Business Survey (Mar),9,,10,Tuesday,20240409,AUD17048
17050,1:00:00,AUD,MI Inflation Expectations,0.046,,0.043,Thursday,20240411,AUD17050
17051,1:30:00,AUD,Building Approvals (MoM),-0.019,-0.019,-0.025,Thursday,20240411,AUD17051
17052,1:30:00,AUD,Private House Approvals,0.107,0.107,-0.099,Thursday,20240411,AUD17052
17054,2:00:00,AUD,Thomson Reuters IPSOS PCSI (MoM) (Apr),50.11,,50.79,Friday,20240412,AUD17054
17056,19:30:00,AUD,CFTC AUD speculative net positions,-92.3K,,-102.7K,Friday,20240412,AUD17056
17058,1:00:00,AUD,MI Leading Index (MoM) (Mar),-0.001,,0.001,Wednesday,20240417,AUD17058
17060,1:30:00,AUD,Employment Change (Mar),-6.6K,7.2K,117.6K,Thursday,20240418,AUD17060
17061,1:30:00,AUD,Full Employment Change (Mar),27.9K,,79.4K,Thursday,20240418,AUD17061
17062,1:30:00,AUD,NAB Quarterly Business Confidence,-2,,-6,Thursday,20240418,AUD17062
17063,1:30:00,AUD,Participation Rate (Mar),0.666,,0.667,Thursday,20240418,AUD17063
17065,1:30:00,AUD,Reserve Assets Total (Mar),92.7B,,92.6B,Thursday,20240418,AUD17065
17066,1:30:00,AUD,Unemployment Rate (Mar),0.038,0.039,0.037,Thursday,20240418,AUD17066
17068,19:30:00,AUD,CFTC AUD speculative net positions,-101.1K,,-92.3K,Friday,20240419,AUD17068
17070,23:00:00,AUD,Judo Bank Australia Manufacturing PMI (Apr),49.9,,47.3,Monday,20240422,AUD17070
17071,23:00:00,AUD,Judo Bank Australia Services PMI (Apr),54.2,,54.4,Monday,20240422,AUD17071
17073,1:30:00,AUD,CPI (YoY) (Q1),0.036,0.034,0.041,Wednesday,20240424,AUD17073
17074,1:30:00,AUD,CPI (QoQ) (Q1),0.01,0.008,0.006,Wednesday,20240424,AUD17074
17075,1:30:00,AUD,CPI Index Number (Q1),137.4,,136.1,Wednesday,20240424,AUD17075
17076,1:30:00,AUD,Trimmed Mean CPI (YoY) (Q1),0.04,0.038,0.042,Wednesday,20240424,AUD17076
17077,1:30:00,AUD,Trimmed Mean CPI (QoQ) (Q1),0.01,0.008,0.008,Wednesday,20240424,AUD17077
17078,1:30:00,AUD,Monthly CPI Indicator (YoY) (Mar),0.035,0.034,0.034,Wednesday,20240424,AUD17078
17079,1:30:00,AUD,Weighted mean CPI (YoY) (Q1),0.044,0.041,0.044,Wednesday,20240424,AUD17079
17080,1:30:00,AUD,Weighted mean CPI (QoQ) (Q1),0.011,0.009,0.009,Wednesday,20240424,AUD17080
17083,1:30:00,AUD,Export Price Index (QoQ) (Q1),-0.021,,0.056,Friday,20240426,AUD17083
17084,1:30:00,AUD,Import Price Index (QoQ) (Q1),-0.018,0.001,0.011,Friday,20240426,AUD17084
17085,1:30:00,AUD,PPI (YoY) (Q1),0.043,,0.041,Friday,20240426,AUD17085
17086,1:30:00,AUD,PPI (QoQ) (Q1),0.009,,0.009,Friday,20240426,AUD17086
17088,19:30:00,AUD,CFTC AUD speculative net positions,-96.2K,,-101.1K,Friday,20240426,AUD17088
17090,1:30:00,AUD,Housing Credit (Mar),0.004,,0.004,Tuesday,20240430,AUD17090
17091,1:30:00,AUD,Private Sector Credit (MoM) (Mar),0.003,0.004,0.005,Tuesday,20240430,AUD17091
17092,1:30:00,AUD,Retail Sales (MoM) (Mar),-0.004,0.002,0.002,Tuesday,20240430,AUD17092
17094,23:00:00,AUD,AIG Construction Index (Apr),-25.6,,-12.9,Tuesday,20240430,AUD17094
17095,23:00:00,AUD,AIG Manufacturing Index (Apr),-13.9,,-7,Tuesday,20240430,AUD17095
17096,23:00:00,AUD,Judo Bank Australia Manufacturing PMI,49.6,49.9,47.3,Tuesday,20240430,AUD17096
17098,6:30:00,AUD,Commodity Prices (YoY),-0.116,,-0.153,Wednesday,20240501,AUD17098
17099,1:30:00,AUD,Building Approvals (YoY) (Mar),-0.025,0.052,0.049,Thursday,20240502,AUD17099
17100,1:30:00,AUD,Building Approvals (MoM) (Mar),0.019,0.035,-0.009,Thursday,20240502,AUD17100
17101,1:30:00,AUD,Exports (MoM),0.001,,-0.032,Thursday,20240502,AUD17101
17102,1:30:00,AUD,Imports (MoM),0.042,,0.045,Thursday,20240502,AUD17102
17103,1:30:00,AUD,Private House Approvals (Mar),0.038,,0.124,Thursday,20240502,AUD17103
17104,1:30:00,AUD,Trade Balance,5.024B,7.190B,6.591B,Thursday,20240502,AUD17104
17106,23:00:00,AUD,Judo Bank Australia Services PMI,53.6,54.2,54.4,Thursday,20240502,AUD17106
17107,1:30:00,AUD,Home Loans (MoM),0.028,0.01,0.015,Friday,20240503,AUD17107
17108,1:30:00,AUD,Invest Housing Finance (MoM),0.038,,0.012,Friday,20240503,AUD17108
17110,19:30:00,AUD,CFTC AUD speculative net positions,-83.2K,,-96.2K,Friday,20240503,AUD17110
17112,1:30:00,AUD,ANZ Job Advertisements (MoM),0.028,,-0.01,Monday,20240506,AUD17112
17113,1:30:00,AUD,MI Inflation Gauge (MoM),0.001,,0.001,Monday,20240506,AUD17113
17115,1:30:00,AUD,Retail Sales (MoM),-0.004,-0.002,0.002,Tuesday,20240507,AUD17115
17116,1:30:00,AUD,Retail Sales (QoQ) (Q1),-0.004,,0.004,Tuesday,20240507,AUD17116
17118,4:30:00,AUD,RBA Interest Rate Decision (May),0.0435,0.0435,0.0435,Tuesday,20240507,AUD17118
17123,1:30:00,AUD,Building Approvals (MoM),0.019,0.019,-0.009,Thursday,20240509,AUD17123
17124,1:30:00,AUD,Private House Approvals,0.038,0.038,0.124,Thursday,20240509,AUD17124
17126,2:00:00,AUD,Thomson Reuters IPSOS PCSI (MoM) (May),50.28,,50.11,Friday,20240510,AUD17126
17128,19:30:00,AUD,CFTC AUD speculative net positions,-64.5K,,-83.2K,Friday,20240510,AUD17128
17130,1:30:00,AUD,NAB Business Confidence (Apr),1,,1,Monday,20240513,AUD17130
17131,1:30:00,AUD,NAB Business Survey (Apr),7,,9,Monday,20240513,AUD17131
17133,1:30:00,AUD,Wage Price Index (QoQ) (Q1),0.008,0.009,0.01,Wednesday,20240515,AUD17133
17134,1:30:00,AUD,Wage Price Index (YoY) (Q1),0.041,0.042,0.009,Wednesday,20240515,AUD17134
17136,1:30:00,AUD,Employment Change (Apr),38.5K,22.4K,-5.9K,Thursday,20240516,AUD17136
17137,1:30:00,AUD,Full Employment Change (Apr),-6.1K,,26.6K,Thursday,20240516,AUD17137
17138,1:30:00,AUD,Participation Rate (Apr),0.667,0.666,0.666,Thursday,20240516,AUD17138
17139,1:30:00,AUD,Reserve Assets Total (Apr),93.1B,,92.7B,Thursday,20240516,AUD17139
17140,1:30:00,AUD,Unemployment Rate (Apr),0.041,0.039,0.039,Thursday,20240516,AUD17140
17142,19:30:00,AUD,CFTC AUD speculative net positions,-77.2K,,-64.5K,Friday,20240517,AUD17142
17144,0:30:00,AUD,Westpac Consumer Sentiment (May),-0.003,,-0.024,Tuesday,20240521,AUD17144
17147,23:00:00,AUD,Judo Bank Australia Manufacturing PMI,49.6,,49.6,Wednesday,20240522,AUD17147
17148,23:00:00,AUD,Judo Bank Australia Services PMI,53.1,,53.6,Wednesday,20240522,AUD17148
17149,1:00:00,AUD,MI Inflation Expectations,0.041,,0.046,Thursday,20240523,AUD17149
17151,19:30:00,AUD,CFTC AUD speculative net positions,-56.2K,,-77.2K,Friday,20240524,AUD17151
17153,1:30:00,AUD,Retail Sales (MoM) (Apr),0.001,0.003,-0.004,Tuesday,20240528,AUD17153
17155,1:00:00,AUD,MI Leading Index (MoM) (Apr),0,,-0.001,Wednesday,20240529,AUD17155
17156,1:30:00,AUD,Construction Work Done (QoQ) (Q1),-0.029,0.006,0.018,Wednesday,20240529,AUD17156
17157,1:30:00,AUD,Monthly CPI Indicator (YoY) (Apr),0.036,0.034,0.035,Wednesday,20240529,AUD17157
17159,1:30:00,AUD,Building Approvals (YoY) (Apr),0.273,,-0.02,Thursday,20240530,AUD17159
17160,1:30:00,AUD,Building Approvals (MoM) (Apr),-0.003,0.018,0.027,Thursday,20240530,AUD17160
17161,1:30:00,AUD,Building Capital Expenditure (MoM) (Q1),-0.009,,0.013,Thursday,20240530,AUD17161
17162,1:30:00,AUD,Plant/Machinery Capital Expenditure (QoQ) (Q1),0.033,,0.004,Thursday,20240530,AUD17162
17163,1:30:00,AUD,Private House Approvals (Apr),-0.016,,0.04,Thursday,20240530,AUD17163
17164,1:30:00,AUD,Private New Capital Expenditure (QoQ) (Q1),0.01,0.006,0.009,Thursday,20240530,AUD17164
17166,1:30:00,AUD,Housing Credit (Apr),0.004,,0.004,Friday,20240531,AUD17166
17167,1:30:00,AUD,Private Sector Credit (MoM) (Apr),0.005,0.004,0.004,Friday,20240531,AUD17167
17169,19:30:00,AUD,CFTC AUD speculative net positions,-49.9K,,-56.2K,Friday,20240531,AUD17169
17171,23:00:00,AUD,Judo Bank Australia Manufacturing PMI,49.7,,49.6,Sunday,20240602,AUD17171
17172,1:00:00,AUD,MI Inflation Gauge (MoM),0.003,,0.001,Monday,20240603,AUD17172
17174,6:30:00,AUD,Commodity Prices (YoY),-0.042,,-0.121,Monday,20240603,AUD17174
17175,1:30:00,AUD,Business inventories (MoM) (Q1),0.013,,-0.016,Tuesday,20240604,AUD17175
17176,1:30:00,AUD,Company Gross Operating Profits (QoQ) (Q1),-0.025,-0.009,0.071,Tuesday,20240604,AUD17176
17177,1:30:00,AUD,Company Profits Pre-Tax (QoQ) (Q1),-0.084,,0.083,Tuesday,20240604,AUD17177
17178,1:30:00,AUD,Current Account (Q1),-4.9B,5.6B,2.7B,Tuesday,20240604,AUD17178
17179,1:30:00,AUD,Net Exports Contribution (Q1),-0.009,,0.006,Tuesday,20240604,AUD17179
17180,1:30:00,AUD,Retail Sales (MoM),0.001,0.001,-0.004,Tuesday,20240604,AUD17180
17182,23:00:00,AUD,AIG Construction Index (May),-68.1,,-25.6,Tuesday,20240604,AUD17182
17183,23:00:00,AUD,AIG Manufacturing Index (May),-31.1,,-13.9,Tuesday,20240604,AUD17183
17184,23:00:00,AUD,Judo Bank Australia Services PMI,52.5,53.1,53.6,Tuesday,20240604,AUD17184
17185,1:30:00,AUD,GDP (YoY) (Q1),0.011,0.012,0.016,Wednesday,20240605,AUD17185
17186,1:30:00,AUD,GDP (QoQ) (Q1),0.001,0.002,0.003,Wednesday,20240605,AUD17186
17187,1:30:00,AUD,GDP Capital Expenditure (Q1),-0.009,,-0.002,Wednesday,20240605,AUD17187
17188,1:30:00,AUD,GDP Chain Price Index (Q1),0.008,,0.02,Wednesday,20240605,AUD17188
17189,1:30:00,AUD,GDP Final Consumption (Q1),0.006,,0.005,Wednesday,20240605,AUD17189
17191,1:30:00,AUD,Building Approvals (MoM),-0.003,,0.019,Thursday,20240606,AUD17191
17192,1:30:00,AUD,Exports (MoM),-0.025,,-0.006,Thursday,20240606,AUD17192
17193,1:30:00,AUD,Home Loans (MoM),0.043,0.012,0.035,Thursday,20240606,AUD17193
17194,1:30:00,AUD,Imports (MoM),-0.072,,0.042,Thursday,20240606,AUD17194
17195,1:30:00,AUD,Invest Housing Finance (MoM),0.056,,0.038,Thursday,20240606,AUD17195
17196,1:30:00,AUD,Private House Approvals,-0.016,-0.016,0.038,Thursday,20240606,AUD17196
17197,1:30:00,AUD,Trade Balance,6.548B,5.370B,4.841B,Thursday,20240606,AUD17197
17199,19:30:00,AUD,CFTC AUD speculative net positions,-51.3K,,-49.9K,Friday,20240607,AUD17199
17202,1:30:00,AUD,NAB Business Confidence (May),-3,,2,Tuesday,20240611,AUD17202
17203,1:30:00,AUD,NAB Business Survey (May),6,,7,Tuesday,20240611,AUD17203
17205,1:30:00,AUD,Employment Change (May),39.7K,30.5K,37.4K,Thursday,20240613,AUD17205
17206,1:30:00,AUD,Full Employment Change (May),41.7K,,-7.6K,Thursday,20240613,AUD17206
17207,1:30:00,AUD,Participation Rate (May),0.668,0.667,0.668,Thursday,20240613,AUD17207
17208,1:30:00,AUD,Unemployment Rate (May),0.04,0.04,0.041,Thursday,20240613,AUD17208
17210,2:00:00,AUD,Thomson Reuters IPSOS PCSI (MoM) (Jun),50.48,,50.28,Friday,20240614,AUD17210
17212,19:30:00,AUD,CFTC AUD speculative net positions,-64.8K,,-51.3K,Friday,20240614,AUD17212
17214,1:30:00,AUD,ANZ Job Advertisements (MoM),-0.021,,-0.023,Monday,20240617,AUD17214
17218,4:30:00,AUD,RBA Interest Rate Decision (Jun),0.0435,0.0435,0.0435,Tuesday,20240618,AUD17218
17222,1:30:00,AUD,Reserve Assets Total (May),93.0B,,93.1B,Thursday,20240620,AUD17222
17224,23:00:00,AUD,Judo Bank Australia Manufacturing PMI,47.5,,49.7,Thursday,20240620,AUD17224
17225,23:00:00,AUD,Judo Bank Australia Services PMI,50.6,,52.5,Thursday,20240620,AUD17225
17227,19:30:00,AUD,CFTC AUD speculative net positions,-41.7K,,-64.8K,Monday,20240624,AUD17227
17228,0:30:00,AUD,Westpac Consumer Sentiment (Jun),0.017,,-0.003,Tuesday,20240625,AUD17228
17231,1:00:00,AUD,MI Leading Index (MoM) (May),0,,0,Wednesday,20240626,AUD17231
17232,1:30:00,AUD,Monthly CPI Indicator (YoY) (May),0.04,0.038,0.036,Wednesday,20240626,AUD17232
17234,1:00:00,AUD,MI Inflation Expectations,0.044,,0.041,Thursday,20240627,AUD17234
17236,1:30:00,AUD,Housing Credit (May),0.004,,0.005,Friday,20240628,AUD17236
17237,1:30:00,AUD,Private Sector Credit (MoM) (May),0.004,0.004,0.005,Friday,20240628,AUD17237
17239,19:30:00,AUD,CFTC AUD speculative net positions,-23.7K,,-41.7K,Friday,20240628,AUD17239
17241,23:00:00,AUD,Judo Bank Australia Manufacturing PMI,47.2,47.5,49.7,Sunday,20240630,AUD17241
17242,1:30:00,AUD,ANZ Job Advertisements (MoM),-0.022,,-0.019,Monday,20240701,AUD17242
17243,2:30:00,AUD,MI Inflation Gauge (MoM),0.003,,0.003,Monday,20240701,AUD17243
17245,6:30:00,AUD,Commodity Prices (YoY),-0.041,,-0.06,Monday,20240701,AUD17245
17248,23:00:00,AUD,AIG Construction Index (Jun),-23.2,,-68.1,Tuesday,20240702,AUD17248
17249,23:00:00,AUD,AIG Manufacturing Index (Jun),-26.5,,-31.1,Tuesday,20240702,AUD17249
17250,23:00:00,AUD,Judo Bank Australia Services PMI (Jun),51.2,50.6,52.5,Tuesday,20240702,AUD17250
17251,1:30:00,AUD,Building Approvals (YoY) (May),0.15,,0.281,Wednesday,20240703,AUD17251
17252,1:30:00,AUD,Building Approvals (MoM) (May),0.055,0.015,0.019,Wednesday,20240703,AUD17252
17253,1:30:00,AUD,Private House Approvals (May),0.021,,-0.003,Wednesday,20240703,AUD17253
17254,1:30:00,AUD,Retail Sales (MoM) (May),0.006,0.003,0.001,Wednesday,20240703,AUD17254
17256,1:30:00,AUD,Exports (MoM),0.028,,-0.022,Thursday,20240704,AUD17256
17257,1:30:00,AUD,Imports (MoM),0.039,,-0.07,Thursday,20240704,AUD17257
17258,1:30:00,AUD,Trade Balance,5.773B,6.200B,6.027B,Thursday,20240704,AUD17258
17260,1:30:00,AUD,Home Loans (MoM),-0.02,0.02,0.045,Monday,20240708,AUD17260
17261,1:30:00,AUD,Invest Housing Finance (MoM),-0.013,,0.053,Monday,20240708,AUD17261
17263,19:30:00,AUD,CFTC AUD speculative net positions,-15.8K,,-23.7K,Monday,20240708,AUD17263
17264,0:30:00,AUD,Westpac Consumer Sentiment (Jul),-0.011,,0.017,Tuesday,20240709,AUD17264
17265,1:30:00,AUD,NAB Business Confidence (Jun),4,,-2,Tuesday,20240709,AUD17265
17266,1:30:00,AUD,NAB Business Survey (Jun),4,,6,Tuesday,20240709,AUD17266
17268,1:30:00,AUD,Building Approvals (MoM) (May),0.055,0.055,0.019,Wednesday,20240710,AUD17268
17269,1:30:00,AUD,Private House Approvals (May),0.021,0.021,-0.03,Wednesday,20240710,AUD17269
17271,1:00:00,AUD,MI Inflation Expectations,0.043,,0.044,Thursday,20240711,AUD17271
17273,2:00:00,AUD,Thomson Reuters IPSOS PCSI (MoM) (Jul),48.19,,50.48,Friday,20240712,AUD17273
17275,19:30:00,AUD,CFTC AUD speculative net positions,2.4K,,-15.8K,Friday,20240712,AUD17275
17277,1:00:00,AUD,MI Leading Index (MoM) (Jun),0,,0,Wednesday,20240717,AUD17277
17279,1:30:00,AUD,Employment Change (Jun),50.2K,19.9K,39.5K,Thursday,20240718,AUD17279
17280,1:30:00,AUD,Full Employment Change (Jun),43.3K,,41.3K,Thursday,20240718,AUD17280
17281,1:30:00,AUD,NAB Quarterly Business Confidence,-1,,-2,Thursday,20240718,AUD17281
17282,1:30:00,AUD,Participation Rate (Jun),0.669,0.668,0.668,Thursday,20240718,AUD17282
17284,1:30:00,AUD,Reserve Assets Total (Jun),93.4B,,93.0B,Thursday,20240718,AUD17284
17285,1:30:00,AUD,Unemployment Rate (Jun),0.041,0.041,0.04,Thursday,20240718,AUD17285
17287,19:30:00,AUD,CFTC AUD speculative net positions,2.4K,,2.4K,Friday,20240719,AUD17287
17289,23:00:00,AUD,Judo Bank Australia Manufacturing PMI,47.4,,47.2,Tuesday,20240723,AUD17289
17290,23:00:00,AUD,Judo Bank Australia Services PMI,50.8,,51.2,Tuesday,20240723,AUD17290
17292,19:30:00,AUD,CFTC AUD speculative net positions,-8.8K,,2.4K,Friday,20240726,AUD17292
17294,1:30:00,AUD,Building Approvals (YoY) (Jun),0.098,,0.15,Tuesday,20240730,AUD17294
17295,1:30:00,AUD,Building Approvals (MoM) (Jun),-0.065,-0.021,0.057,Tuesday,20240730,AUD17295
17296,1:30:00,AUD,Private House Approvals (Jun),-0.005,,0.019,Tuesday,20240730,AUD17296
17298,1:30:00,AUD,CPI (QoQ) (Q2),0.01,0.01,0.01,Wednesday,20240731,AUD17298
17299,1:30:00,AUD,CPI (YoY) (Q2),0.038,0.038,0.036,Wednesday,20240731,AUD17299
17300,1:30:00,AUD,CPI Index Number (Q2),138.8,,137.4,Wednesday,20240731,AUD17300
17301,1:30:00,AUD,Housing Credit (Jun),0.004,0.004,0.004,Wednesday,20240731,AUD17301
17302,1:30:00,AUD,Private Sector Credit (MoM) (Jun),0.006,0.004,0.004,Wednesday,20240731,AUD17302
17303,1:30:00,AUD,Retail Sales (MoM) (Jun),0.005,0.002,0.006,Wednesday,20240731,AUD17303
17304,1:30:00,AUD,Retail Sales (QoQ) (Q2),-0.003,,-0.004,Wednesday,20240731,AUD17304
17305,1:30:00,AUD,Trimmed Mean CPI (YoY) (Q2),0.039,0.04,0.04,Wednesday,20240731,AUD17305
17306,1:30:00,AUD,Trimmed Mean CPI (QoQ) (Q2),0.008,0.01,0.01,Wednesday,20240731,AUD17306
17307,1:30:00,AUD,Monthly CPI Indicator (YoY) (Jun),0.038,0.038,0.04,Wednesday,20240731,AUD17307
17308,1:30:00,AUD,Weighted mean CPI (YoY) (Q2),0.041,0.043,0.044,Wednesday,20240731,AUD17308
17309,1:30:00,AUD,Weighted mean CPI (QoQ) (Q2),0.008,0.01,0.011,Wednesday,20240731,AUD17309
17311,23:00:00,AUD,Judo Bank Australia Manufacturing PMI (Jul),47.5,47.4,47.2,Wednesday,20240731,AUD17311
17312,1:30:00,AUD,Export Price Index (QoQ) (Q2),-0.059,,-0.021,Thursday,20240801,AUD17312
17313,1:30:00,AUD,Exports (MoM) (Jun),0.017,,0.013,Thursday,20240801,AUD17313
17314,1:30:00,AUD,Import Price Index (QoQ) (Q2),0.01,-0.009,-0.018,Thursday,20240801,AUD17314
17315,1:30:00,AUD,Imports (MoM) (Jun),0.005,,0.033,Thursday,20240801,AUD17315
17316,1:30:00,AUD,Trade Balance (Jun),5.589B,5.080B,5.052B,Thursday,20240801,AUD17316
17318,6:30:00,AUD,Commodity Prices (YoY) (Jul),-0.03,,-0.035,Thursday,20240801,AUD17318
17319,1:30:00,AUD,Home Loans (MoM) (Jun),0.005,-0.01,-0.019,Friday,20240802,AUD17319
17320,1:30:00,AUD,Invest Housing Finance (MoM),0.027,,-0.013,Friday,20240802,AUD17320
17321,1:30:00,AUD,PPI (QoQ) (Q2),0.01,0.01,0.009,Friday,20240802,AUD17321
17322,1:30:00,AUD,PPI (YoY) (Q2),0.048,,0.043,Friday,20240802,AUD17322
17324,19:30:00,AUD,CFTC AUD speculative net positions,-31.4K,,-8.8K,Friday,20240802,AUD17324
17326,23:00:00,AUD,Judo Bank Australia Services PMI,50.4,50.8,51.2,Sunday,20240804,AUD17326
17327,1:00:00,AUD,MI Inflation Gauge (MoM) (Jul),0.004,,0.003,Monday,20240805,AUD17327
17329,1:30:00,AUD,ANZ Job Advertisements (MoM) (Jul),-0.03,,-0.027,Tuesday,20240806,AUD17329
17330,1:30:00,AUD,Building Approvals (MoM) (Jun),-0.065,-0.065,0.055,Tuesday,20240806,AUD17330
17331,1:30:00,AUD,Private House Approvals (Jun),-0.005,-0.005,0.019,Tuesday,20240806,AUD17331
17333,4:30:00,AUD,RBA Interest Rate Decision (Aug),0.0435,0.0435,0.0435,Tuesday,20240806,AUD17333
17336,23:00:00,AUD,AIG Construction Index (Jul),-20.7,,-23.2,Tuesday,20240806,AUD17336
17337,23:00:00,AUD,AIG Manufacturing Index (Jul),-19.5,,-26.5,Tuesday,20240806,AUD17337
17342,19:30:00,AUD,CFTC AUD speculative net positions,-40.2K,,-31.4K,Friday,20240809,AUD17342
17344,0:30:00,AUD,Westpac Consumer Sentiment (Aug),0.028,0.005,-0.011,Tuesday,20240813,AUD17344
17345,1:30:00,AUD,NAB Business Confidence (Jul),1,,3,Tuesday,20240813,AUD17345
17346,1:30:00,AUD,NAB Business Survey (Jul),6,,4,Tuesday,20240813,AUD17346
17347,1:30:00,AUD,Wage Price Index (YoY) (Q2),0.041,,0.041,Tuesday,20240813,AUD17347
17348,1:30:00,AUD,Wage Price Index (QoQ) (Q2),0.008,0.009,0.009,Tuesday,20240813,AUD17348
17350,1:00:00,AUD,MI Inflation Expectations (Aug),0.045,,0.043,Thursday,20240815,AUD17350
17351,1:30:00,AUD,Employment Change (Jul),58.2K,20.2K,52.3K,Thursday,20240815,AUD17351
17352,1:30:00,AUD,Full Employment Change (Jul),60.5K,,45.2K,Thursday,20240815,AUD17352
17353,1:30:00,AUD,Participation Rate (Jul),0.671,0.669,0.669,Thursday,20240815,AUD17353
17354,1:30:00,AUD,Reserve Assets Total (Jul),96.2B,,93.4B,Thursday,20240815,AUD17354
17355,1:30:00,AUD,Unemployment Rate (Jul),0.042,0.041,0.041,Thursday,20240815,AUD17355
17359,19:30:00,AUD,CFTC AUD speculative net positions,-42.6K,,-40.2K,Friday,20240816,AUD17359
17363,1:00:00,AUD,MI Leading Index (MoM) (Jul),0,,0,Wednesday,20240821,AUD17363
17365,23:00:00,AUD,Judo Bank Australia Manufacturing PMI (Aug),48.7,,47.5,Wednesday,20240821,AUD17365
17366,23:00:00,AUD,Judo Bank Australia Services PMI (Aug),52.2,,50.4,Wednesday,20240821,AUD17366
17368,19:30:00,AUD,CFTC AUD speculative net positions,-38.9K,,-42.6K,Friday,20240823,AUD17368
17370,1:30:00,AUD,Construction Work Done (QoQ) (Q2),0.001,0.008,-0.02,Wednesday,20240828,AUD17370
17371,1:30:00,AUD,Monthly CPI Indicator (YoY) (Jul),0.035,0.034,0.038,Wednesday,20240828,AUD17371
17373,1:30:00,AUD,Building Capital Expenditure (MoM) (Q2),-0.038,,-0.009,Thursday,20240829,AUD17373
17374,1:30:00,AUD,Plant/Machinery Capital Expenditure (QoQ) (Q2),-0.005,,0.037,Thursday,20240829,AUD17374
17375,1:30:00,AUD,Private New Capital Expenditure (QoQ) (Q2),-0.022,0.009,0.019,Thursday,20240829,AUD17375
17377,1:30:00,AUD,Housing Credit (Jul),0.005,,0.004,Friday,20240830,AUD17377
17378,1:30:00,AUD,Private Sector Credit (MoM) (Jul),0.005,0.005,0.006,Friday,20240830,AUD17378
17379,1:30:00,AUD,Retail Sales (MoM) (Jul),0,0.003,0.005,Friday,20240830,AUD17379
17381,19:30:00,AUD,CFTC AUD speculative net positions,-19.2K,,-38.9K,Friday,20240830,AUD17381
17383,23:00:00,AUD,Judo Bank Australia Manufacturing PMI (Aug),48.5,48.7,47.5,Sunday,20240901,AUD17383
17384,1:30:00,AUD,ANZ Job Advertisements (MoM) (Aug),-0.021,,-0.027,Monday,20240902,AUD17384
17385,1:30:00,AUD,Building Approvals (YoY) (Jul),0.249,0.098,0.114,Monday,20240902,AUD17385
17386,1:30:00,AUD,Building Approvals (MoM) (Jul),0.104,0.024,-0.064,Monday,20240902,AUD17386
17387,1:30:00,AUD,Business inventories (MoM) (Q2),0.001,-0.005,0.015,Monday,20240902,AUD17387
17388,1:30:00,AUD,Company Gross Operating Profits (QoQ) (Q2),-0.053,-0.006,-0.025,Monday,20240902,AUD17388
17389,1:30:00,AUD,Company Profits Pre-Tax (QoQ) (Q2),-0.017,,-0.084,Monday,20240902,AUD17389
17390,1:30:00,AUD,Private House Approvals (Jul),0.006,,-0.005,Monday,20240902,AUD17390
17391,2:30:00,AUD,MI Inflation Gauge (MoM),-0.001,,0.004,Monday,20240902,AUD17391
17393,6:30:00,AUD,Commodity Prices (YoY) (Aug),-0.052,,-0.041,Monday,20240902,AUD17393
17394,1:30:00,AUD,Current Account (Q2),-10.7B,-4.5B,-6.3B,Tuesday,20240903,AUD17394
17395,1:30:00,AUD,Net Exports Contribution (Q2),0.002,0.006,-0.009,Tuesday,20240903,AUD17395
17397,23:00:00,AUD,AIG Construction Index (Aug),-38.1,,-23.2,Tuesday,20240903,AUD17397
17398,23:00:00,AUD,AIG Manufacturing Index (Aug),-30.8,,-19.5,Tuesday,20240903,AUD17398
17399,23:00:00,AUD,Judo Bank Australia Services PMI,52.5,52.2,50.4,Tuesday,20240903,AUD17399
17400,1:30:00,AUD,GDP (YoY) (Q2),0.01,0.01,0.013,Wednesday,20240904,AUD17400
17401,1:30:00,AUD,GDP (QoQ) (Q2),0.002,0.002,0.002,Wednesday,20240904,AUD17401
17402,1:30:00,AUD,GDP Capital Expenditure (Q2),-0.001,,-0.006,Wednesday,20240904,AUD17402
17403,1:30:00,AUD,GDP Chain Price Index (Q2),-0.009,,0.01,Wednesday,20240904,AUD17403
17404,1:30:00,AUD,GDP Final Consumption (Q2),0.003,,0.006,Wednesday,20240904,AUD17404
17406,1:30:00,AUD,Exports (MoM) (Jul),0.007,,0.014,Thursday,20240905,AUD17406
17407,1:30:00,AUD,Imports (MoM) (Jul),-0.008,,0.004,Thursday,20240905,AUD17407
17408,1:30:00,AUD,Trade Balance (Jul),6.009B,5.050B,5.425B,Thursday,20240905,AUD17408
17412,1:30:00,AUD,Home Loans (MoM) (Jul),0.029,0.01,0.01,Friday,20240906,AUD17412
17413,1:30:00,AUD,Invest Housing Finance (MoM) (Jul),0.054,,0.027,Friday,20240906,AUD17413
17415,19:30:00,AUD,CFTC AUD speculative net positions,-7.9K,,-19.2K,Friday,20240906,AUD17415
17417,0:30:00,AUD,Westpac Consumer Sentiment (Sep),-0.005,,0.028,Tuesday,20240910,AUD17417
17418,1:30:00,AUD,Building Approvals (MoM) (Jul),0.104,0.104,-0.064,Tuesday,20240910,AUD17418
17419,1:30:00,AUD,NAB Business Confidence (Aug),-4,,1,Tuesday,20240910,AUD17419
17420,1:30:00,AUD,NAB Business Survey (Aug),3,,6,Tuesday,20240910,AUD17420
17421,1:30:00,AUD,Private House Approvals (Jul),0.006,0.006,-0.005,Tuesday,20240910,AUD17421
17423,1:00:00,AUD,MI Inflation Expectations (Sep),0.044,,0.045,Thursday,20240912,AUD17423
17425,2:00:00,AUD,Thomson Reuters IPSOS PCSI (MoM) (Sep),50.17,,49.27,Friday,20240913,AUD17425
17427,19:30:00,AUD,CFTC AUD speculative net positions,-14.0K,,-7.9K,Friday,20240913,AUD17427
17430,1:00:00,AUD,MI Leading Index (MoM) (Aug),-0.001,,0,Wednesday,20240918,AUD17430
17432,1:30:00,AUD,Employment Change (Aug),47.5K,26.4K,48.9K,Thursday,20240919,AUD17432
17433,1:30:00,AUD,Full Employment Change (Aug),-3.1K,,64.7K,Thursday,20240919,AUD17433
17434,1:30:00,AUD,Participation Rate (Aug),0.671,0.671,0.671,Thursday,20240919,AUD17434
17435,1:30:00,AUD,Reserve Assets Total (Aug),93.1B,,96.2B,Thursday,20240919,AUD17435
17436,1:30:00,AUD,Unemployment Rate (Aug),0.042,0.042,0.042,Thursday,20240919,AUD17436
17438,19:30:00,AUD,CFTC AUD speculative net positions,-40.1K,,-14.0K,Friday,20240920,AUD17438
17440,23:00:00,AUD,Judo Bank Australia Manufacturing PMI (Sep),46.7,,48.5,Sunday,20240922,AUD17440
17441,23:00:00,AUD,Judo Bank Australia Services PMI (Sep),50.6,,52.5,Sunday,20240922,AUD17441
17443,4:30:00,AUD,RBA Interest Rate Decision (Sep),0.0435,0.0435,0.0435,Tuesday,20240924,AUD17443
17446,1:30:00,AUD,Monthly CPI Indicator (YoY) (Aug),0.027,0.027,0.035,Wednesday,20240925,AUD17446
17450,19:30:00,AUD,CFTC AUD speculative net positions,-11.2K,,-40.1K,Friday,20240927,AUD17450
17452,1:30:00,AUD,Housing Credit (Aug),0.004,,0.005,Monday,20240930,AUD17452
17453,1:30:00,AUD,Private Sector Credit (MoM) (Aug),0.005,0.005,0.005,Monday,20240930,AUD17453
17455,23:00:00,AUD,Judo Bank Australia Manufacturing PMI,46.7,46.7,48.5,Monday,20240930,AUD17455
17456,1:30:00,AUD,Building Approvals (YoY) (Aug),0.079,,0.252,Tuesday,20241001,AUD17456
17457,1:30:00,AUD,Building Approvals (MoM) (Aug),-0.061,-0.043,0.11,Tuesday,20241001,AUD17457
17458,1:30:00,AUD,Private House Approvals (Aug),0.005,,0.009,Tuesday,20241001,AUD17458
17459,1:30:00,AUD,Retail Sales (MoM) (Aug),0.007,0.004,0.001,Tuesday,20241001,AUD17459
